Category,Category Similarity Score
Care & Maintenance,0.75822304
Comparisons,0.7704599666666666
Error Handling,0.5602388133333334
Escalation & Handoff,0.7767721166666667
Follow-ups,0.6262595833333333
Multi-step Inquiries,0.62538602
Order Status,0.9626707333333333
Pricing & Availability,0.882934
Product Information,0.6884389866666667
Warranties & Returns,0.9241353
Total Similarity,0.7575518560000002
