,Average Helpfulness Score,Variation Penalty (Lower Similarity is Better),Redirect Frequency,Misunderstanding Frequency
Yeti,0.8114312063799051,0.6232056065404319,0.04950495049504951,0.019801980198019802
Rufus,0.17366024908620528,0.1629661119528208,1.0,0.0
