,Average Helpfulness Score,Variation Penalty (Lower Similarity is Better),Redirect Frequency,Misunderstanding Frequency,Response Time Penalty,Average Sentiment Score
Yeti,0.6126559620141356,0.6232056065404319,0.04950495049504951,0.07920792079207921,0.0,0.24620204858952255
Rufus,0.6100339848978831,0.7381808028171669,0.08,0.09,0.0,0.20274042660947664
